<?xml version="1.0" encoding="UTF-8"?>
<preferences>
 <debug showDebugMenu="0" />
 <systemtable>
  <columns>
   <connections preferredWidth="175" />
   <irq preferredWidth="34" />
  </columns>
 </systemtable>
 <clocktable>
  <columns>
   <clockname preferredWidth="226" />
   <clocksource preferredWidth="225" />
   <frequency preferredWidth="219" />
  </columns>
 </clocktable>
 <library expandedCategories="Library,Project" />
 <window width="982" height="599" x="145" y="16" />
 <hdlexample language="VERILOG" />
 <generation
   synthesis="VHDL"
   testbench_system="NONE"
   simulation="NONE"
   testbench_simulation="VHDL" />
</preferences>
